_id,buyerName,town,province
699a17f60f2b000b285a3c42,Marco Reyes,General Trias,Cavite
699a17f60f2b000b285a3c43,Cristina Rivera,Caloocan,Metro Manila
699a17f60f2b000b285a3c44,Sofia Chua,Mandaluyong,Metro Manila
699a17f60f2b000b285a3c45,Kenneth Cruz,Manila,Metro Manila
699a17f60f2b000b285a3c46,Elena Castillo,Bacoor,Cavite
699a17f60f2b000b285a3c47,Aldrin Reyes,Lipa,Batangas
699a17f60f2b000b285a3c48,Nicole Chua,San Fernando,Pampanga
699a17f60f2b000b285a3c49,Eduardo Manalo,General Trias,Cavite
699a17f60f2b000b285a3c4a,Juan Torres,Cebu City,Cebu
699a17f60f2b000b285a3c4b,Joy Pascual,Valenzuela,Metro Manila
699a17f60f2b000b285a3c4c,Angela De Leon,San Juan,Metro Manila
699a17f60f2b000b285a3c4d,Elena Corpuz,San Juan,Metro Manila
699a17f60f2b000b285a3c4e,Grace Flores,Dasmarinas,Cavite
699a17f60f2b000b285a3c4f,Rosa Mercado,Baguio,Benguet
699a17f60f2b000b285a3c50,Isabella Corpuz,Mandaluyong,Metro Manila
699a17f60f2b000b285a3c51,Gloria Aguilar,Taytay,Rizal
699a17f60f2b000b285a3c52,Miguel Cruz,Bacoor,Cavite
699a17f60f2b000b285a3c53,Gloria Gonzales,Bacoor,Cavite
699a17f60f2b000b285a3c54,Antonio Corpuz,General Trias,Cavite
699a17f60f2b000b285a3c55,Jerome Aguilar,Antipolo,Rizal
699a17f60f2b000b285a3c56,Cherry Flores,Binangonan,Rizal
699a17f60f2b000b285a3c57,Roberto Del Rosario,Antipolo,Rizal
699a17f60f2b000b285a3c58,Nathaniel Fernandez,Antipolo,Rizal
699a17f60f2b000b285a3c59,Precious Corpuz,General Trias,Cavite
699a17f60f2b000b285a3c5a,Eduardo Martinez,Taguig,Metro Manila
699a17f60f2b000b285a3c5b,Beatriz Cruz,Santa Rosa,Laguna
699a17f60f2b000b285a3c5c,Aileen Pascual,Pasig,Metro Manila
699a17f60f2b000b285a3c5d,Angela Martinez,Binangonan,Rizal
699a17f60f2b000b285a3c5e,Hope Perez,Lapu-Lapu,Cebu
699a17f60f2b000b285a3c5f,Diego Dela Cruz,Caloocan,Metro Manila
699a17f60f2b000b285a3c60,Cristina Ong,Baguio,Benguet
699a17f60f2b000b285a3c61,Monica Domingo,Angeles,Pampanga
699a17f60f2b000b285a3c62,John Rivera,Caloocan,Metro Manila
699a17f60f2b000b285a3c63,Angel Dizon,Mandaluyong,Metro Manila
699a17f60f2b000b285a3c64,Pedro Aquino,Valenzuela,Metro Manila
699a17f60f2b000b285a3c65,Andres Domingo,Pasig,Metro Manila
699a17f60f2b000b285a3c66,Marites Corpuz,Lapu-Lapu,Cebu
699a17f60f2b000b285a3c67,Kristine Dela Cruz,Lipa,Batangas
699a17f60f2b000b285a3c68,Maria Aquino,Baguio,Benguet
699a17f60f2b000b285a3c69,Roberto De Leon,Marikina,Metro Manila
699a17f60f2b000b285a3c6a,Gloria Domingo,Antipolo,Rizal
699a17f60f2b000b285a3c6b,Jerome Santos,Dasmarinas,Cavite
699a17f60f2b000b285a3c6c,Aldrin Villanueva,Iloilo City,Iloilo
699a17f60f2b000b285a3c6d,Sofia Navarro,Iloilo City,Iloilo
699a17f60f2b000b285a3c6e,Nicole Mendoza,San Jose del Monte,Bulacan
699a17f60f2b000b285a3c6f,Andres Chua,Bacolod,Negros Occidental
699a17f60f2b000b285a3c70,Juan Martinez,Cagayan de Oro,Misamis Oriental
699a17f60f2b000b285a3c71,Jose Aquino,San Jose del Monte,Bulacan
699a17f60f2b000b285a3c72,Irene Fernandez,Taguig,Metro Manila
699a17f60f2b000b285a3c73,Emilio Gonzales,Mandaluyong,Metro Manila
699a17f60f2b000b285a3c74,Raymond Del Rosario,Baguio,Benguet
699a17f60f2b000b285a3c75,Gabriel Garcia,Davao City,Davao del Sur
699a17f60f2b000b285a3c76,Valentina Dela Cruz,Bacolod,Negros Occidental
699a17f60f2b000b285a3c77,Kenneth Castillo,Baguio,Benguet
699a17f60f2b000b285a3c78,Nicole Navarro,Angeles,Pampanga
699a17f60f2b000b285a3c79,Cherry Manalo,Bacolod,Negros Occidental
699a17f60f2b000b285a3c7a,April Aquino,Imus,Cavite
699a17f60f2b000b285a3c7b,Eduardo Del Rosario,Calamba,Laguna
699a17f60f2b000b285a3c7c,Jose Ong,Bacoor,Cavite
699a17f60f2b000b285a3c7d,Eduardo Santos,Pasig,Metro Manila
699a17f60f2b000b285a3c7e,Luz Rivera,Pasig,Metro Manila
699a17f60f2b000b285a3c7f,Carlos De Leon,Pasig,Metro Manila
699a17f60f2b000b285a3c80,Angel Fernandez,General Trias,Cavite
699a17f60f2b000b285a3c81,Raymond Castillo,Baguio,Benguet
699a17f60f2b000b285a3c82,Gabriel Salazar,Imus,Cavite
699a17f60f2b000b285a3c83,Vincent Santiago,Taytay,Rizal
699a17f60f2b000b285a3c84,Antonio Ramos,Cebu City,Cebu
699a17f60f2b000b285a3c85,Grace Domingo,San Fernando,Pampanga
699a17f60f2b000b285a3c86,Precious Bautista,San Juan,Metro Manila
699a17f60f2b000b285a3c87,Luz Perez,Calamba,Laguna
